,さざなみゆん　歌った曲リスト,更新日:,2026/05/27,1306,,,474,68,19.5
,曲名,読み仮名,アーティスト名,歌った回数,最終歌唱日,経過日数,歌える楽曲数,歌枠回数,1枠平均曲数
1,あゝオオサカdreamin'night,ああ オオサカ ドリーミン ナイト,どついたれ本舗,1,2025/09/04,266日,,,
2,嗚呼、素晴らしきニャン生,ああ、すばらしきニャンせい,"Nem feat.鏡音レン,GUMI",1,2024/02/24,824日,,,
3,ああ電子戦隊デンジマン,ああでんしせんたいデンジマン,"成田賢,こおろぎ'73",3,2024/12/29,515日,,,
4,EYE,アイ,Kanaria feat. GUMI,2,2023/04/15,1139日,,,
5,アイデンティティ,アイデンティティ,"Kanaria feat. 初音ミク,GUMI",5,2024/12/06,538日,,,
6,アイドル,アイドル,YOASOBI,7,2024/07/12,685日,,,
7,Iなんです,アイなんです,25時、ナイトコードで。,1,2023/10/21,950日,,,
8,アイネクライネ,アイネクライネ,米津玄師,2,2024/11/21,553日,,,
9,アイのシナリオ,アイのシナリオ,CHiCO with HoneyWorks,1,2022/01/22,1587日,,,
10,愛迷エレジー,あいまいエレジー,DECO*27 feat.marina,1,2022/02/06,1572日,,,
11,アイラビューアイニジュー,アイラビューアイニジュー,KEI feat.初音ミク,2,2024/02/15,833日,,,
12,アイロニ,アイロニ,すこっぷ feat. 初音ミク,2,2023/10/21,950日,,,
13,アイワナムチュー,アイワナムチュー,"MAISONdes feat. asmi, すりぃ",2,2024/04/18,770日,,,
14,愛をこめて花束を,あいをこめてはなたばを,Superfly,2,2024/02/24,824日,,,
15,アウターサイエンス,アウターサイエンス,じん feat. IA,3,2024/09/25,610日,,,
16,青のすみか,あおのすみか,キタニタツヤ,3,2024/04/18,770日,,,
17,アカシア,アカシア,BUMP OF CHICKEN,6,2024/02/24,824日,,,
18,悪魔の踊り方,あくまのおどりかた,こんにちは谷田さん(キタニタツヤ) feat. 鏡音リン,4,2022/05/04,1485日,,,
19,アサガオの散る頃に,アサガオのちるころに,じっぷす feat. 初音ミク,1,2021/12/11,1629日,,,
20,阿修羅ちゃん,あしゅらちゃん,Ado,3,2023/10/21,950日,,,
21,アスノヨゾラ哨戒班,アスノヨゾラしょうかいはん,Orangestar feat.IA,3,2024/05/03,755日,,,
22,アドバンス・アドベンチャー,アドバンス・アドベンチャー,GARDEN,1,2023/04/15,1139日,,,
23,アニマル,アニマル,"DECO*27,Rockwell feat.初音ミク",3,2024/10/18,587日,,,
24,あの夏のいつかは,あのなつのいつかは,"*Luna feat. 音街ウナ,Rana",4,2025/01/31,482日,,,
25,About me,アバウト ミー,蝶々P feat. GUMI,12,2025/09/04,266日,,,
26,アポロ,アポロ,ポルノグラフィティ,2,2024/12/28,516日,,,
27,天ノ弱,あまのじゃく,164 feat.GUMI,3,2024/10/05,600日,,,
28,Alive A life,アライブ ア ライフ,松本 梨香,1,2025/04/10,413日,,,
29,アローラ!!,アローラ,サトシ(CV.松本梨香)withピカチュウ(CV.大谷育江),1,2024/11/14,560日,,,
30,アンサイズニア,アンサイズニア,ONE OK ROCK,2,2025/12/17,162日,,,
31,アンダー・ザ・シー,アンダー・ザ・シー,上條恒彦,2,2024/03/22,797日,,,
32,UNDEAD,アンデッド,YOASOBI,1,2025/07/19,313日,,,
33,&ME,アンドミー,NALALA,1,2024/03/16,803日,,,
34,いーあるふぁんくらぶ,いーあるふぁんくらぶ,"みきとP feat.GUMI,鏡音リン",4,2024/06/26,701日,,,
35,いかないで,いかないで,想太 feat.歌愛ユキ,4,2025/07/19,313日,,,
36,いけないボーダーライン,いけないボーダーライン,ワルキューレ,1,2023/10/07,964日,,,
37,1925,イチキュウニーゴー,冨田悠斗(とみー/T-POCKET) feat. 初音ミク,2,2024/12/06,538日,,,
38,一生分のラブレター,いっしょうぶんのラブレター,ウソツキ,1,2024/11/21,553日,,,
39,威風堂々,いふうどうどう,"梅とら feat. 初音ミク,鏡音リン,巡音ルカ,GUMI,IA",1,2022/02/06,1572日,,,
40,インフルエンサー,インフルエンサー,乃木坂46,4,2024/08/08,658日,,,
41,ヴァンパイア,ヴァンパイア,"DECO*27,Rockwell feat. 初音ミク",4,2024/10/18,587日,,,
42,We are the ONE ～僕らはひとつ～,ウィー アー ザ ワン ぼくらはひとつ,串田アキラ,1,2024/11/03,571日,,,
43,ウィーアー！,ウィーアー,きただにひろし,2,2023/10/07,964日,,,
44,ヴィラン,ヴィラン,てにをは feat. v flower,1,2025/04/10,413日,,,
45,Watch me!,ウォッチ ミー,YOASOBI,2,2025/09/04,266日,,,
46,うまぴょい伝説,うまぴょいでんせつ,ウマ娘 プリティーダービー,2,2023/11/04,936日,,,
47,え？あぁ、そう。,え あぁ そう,蝶々P feat. 初音ミク,1,2024/10/05,600日,,,
48,エイリアンエイリアン,エイリアンエイリアン,ナユタン星人 feat. 初音ミク,4,2023/04/15,1139日,,,
49,YELL,エール,いきものがかり,1,2025/01/08,505日,,,
50,EXCITE,エキサイト,三浦大知,2,2024/01/04,875日,,,
51,エゴロック,エゴロック,すりぃ feat. 鏡音レン,4,2024/10/18,587日,,,
52,Anything Goes!,エニシング ゴーズ,大黒摩季,3,2024/02/15,833日,,,
53,Everyday、カチューシャ,エブリデイ カチューシャ,AKB48,1,2024/08/08,658日,,,
54,M,エム,PRINCESS PRINCESS,1,2023/12/07,903日,,,
55,エンヴィーベイビー,エンヴィーベイビー,Kanaria feat. GUMI,4,2024/10/18,587日,,,
56,『エンヴィーベイビー』×『KING』,エンヴィーベイビー×キング,Kanaria feat. GUMI,3,2023/04/15,1139日,,,
57,炎神戦隊ゴーオンジャー,えんじんせんたいゴーオンジャー,高橋秀幸(Project.R),3,2024/12/29,515日,,,
58,炎神ファーストラップ-Type Normal-,えんじんファーストラップ タイプ ノーマル,Project.R,1,2024/11/03,571日,,,
59,エンゼルフィッシュ,エンゼルフィッシュ,パトリチェフ feat. 鏡音リン,3,2025/01/31,482日,,,
60,EmBlem!!!,エンブレム,BAE,1,2025/09/04,266日,,,
61,大声ダイヤモンド,おおごえダイヤモンド,AKB48,1,2024/08/08,658日,,,
62,オートファジー,オートファジー,柊キライ feat. v flower,3,2023/04/15,1139日,,,
63,Overdose,オーバードーズ,なとり,1,2024/01/11,868日,,,
64,オーレ!オーレンジャー,オーレ オーレンジャー,速水けんたろう,3,2024/12/29,515日,,,
65,おジャ魔女カーニバル!!,おジャまじょカーニバル,MAHO堂,3,2024/03/22,797日,,,
66,おじゃま虫,おじゃまむし,DECO*27 feat. 初音ミク,2,2022/02/06,1572日,,,
67,おじゃま虫Ⅱ,おじゃまむしⅡ,"DECO*27,TeddyLoid feat. 初音ミク",5,2025/10/17,223日,,,
68,おちゃめ機能,おちゃめきのう,ゴジマジP feat. 重音テト,2,2023/10/21,950日,,,
69,踊,おど,Ado,5,2024/09/04,631日,,,
70,乙女解剖,おとめかいぼう,DECO*27 feat.初音ミク,4,2024/12/06,538日,,,
71,鬼ノ宴,おにノうたげ,友成空,3,2024/12/06,538日,,,
72,おねがいダーリン,おねがいダーリン,ナナホシ管弦楽団 feat. ONE,1,2024/03/22,797日,,,
73,お願いマッスル,おねがいマッスル,紗倉ひびき(CV.ファイルーズあい)＆街雄鳴造(CV.石川界人),1,2022/11/13,1292日,,,
74,オリオンをなぞる,オリオンをなぞる,UNISON SQUARE GARDEN,4,2025/01/08,505日,,,
75,俺こそオンリーワン,おれこそオンリーワン,MORISAKI WIN,3,2024/12/29,515日,,,
76,ガーネット,ガーネット,奥華子,2,2024/07/12,685日,,,
77,ガールズルール,ガールズルール,乃木坂46,2,2025/08/09,292日,,,
78,廻廻奇譚,かいかいきたん,Eve,1,2023/09/04,997日,,,
79,怪獣の花唄,かいじゅうのはなうた,Vaundy,8,2024/11/06,568日,,,
80,快晴,かいせい,Orangestar feat. IA,2,2025/12/17,162日,,,
81,海賊戦隊ゴーカイジャー,かいぞくせんたいゴーカイジャー,松原剛志(Project.R),3,2024/12/29,515日,,,
82,怪盗・窪園チヨコは絶対ミスらない,かいとう くぼぞのチヨコはぜったいミスらない,椎名もた(ぽわぽわP) feat. 鏡音リン,1,2023/03/10,1175日,,,
83,怪物,かいぶつ,YOASOBI,8,2025/04/10,413日,,,
84,帰り道は遠回りしたくなる,かえりみちはとおまわりしたくなる,乃木坂46,2,2023/06/09,1084日,,,
85,ガオレンジャー吼えろ!!,ガオレンジャーほえろ,山形ユキオ,3,2024/12/29,515日,,,
86,科学戦隊ダイナマン,かがくせんたいダイナマン,"Mojo,こおろぎ '73",3,2024/12/29,515日,,,
87,カキツバタオルケストラ,カキツバタオルケストラ,"藍乃 feat. 滲音かこい,*染",2,2024/10/05,600日,,,
88,影踏みエトランゼ,かげふみエトランゼ,Substreet feat. 初音ミク,1,2022/04/16,1503日,,,
89,カゲロウデイズ,カゲロウデイズ,じん feat. 初音ミク,1,2025/07/19,313日,,,
90,カサブタ,カサブタ,千綿ヒデノリ,1,2025/09/04,266日,,,
91,風待ちハローワールド,かぜまちハローワールド,add9(ヘリP) feat. 初音ミク,3,2023/04/15,1139日,,,
92,風待ちハローワルド,かぜまちハローワールド,add9(ヘリP) feat. 初音ミク,2,2024/02/15,833日,,,
93,ガッチャ☆ゴセイジャー,ガッチャ ゴセイジャー,高橋秀幸(Project.R),1,2024/11/03,571日,,,
94,勝って泣こうゼッ!,かってなこうゼッ,"T-Pistonz,KMC",1,2024/11/14,560日,,,
95,Got Boost？,ガット ブースト,FANTASTICS,1,2025/09/04,266日,,,
96,カトラリー,カトラリー,有機酸 feat. 初音ミク,5,2025/12/17,162日,,,
97,かなしみのなみにおぼれる,かなしみのなみにおぼれる,Neru feat. 鏡音レン,1,2024/10/05,600日,,,
98,神っぽいな,かみっぽいな,ピノキオピー feat.初音ミク,11,2024/10/18,587日,,,
99,からくりピエロ,からくりピエロ,40mP feat.初音ミク,2,2023/12/07,903日,,,
100,Calc.,カルク,ジミーサムP feat. 初音ミク,3,2024/09/04,631日,,,
101,かわいいだけじゃだめですか？,かわいいだけじゃだめですか,CUTIE STREET,3,2025/01/08,505日,,,
102,可愛くてごめん,かわいくてごめん, feat. ちゅーたん(CV.早見沙織)/HoneyWorks,5,2024/01/11,868日,,,
103,変わらないもの,かわらないもの,奥華子,3,2024/07/12,685日,,,
104,勘冴えて悔しいわ,かんさえてくやしいわ,ずっと真夜中でいいのに。,1,2021/12/11,1629日,,,
105,感動共有!,かんどうきょうゆう,"T-Pistonz,KMC",1,2024/11/14,560日,,,
106,ガンバランスdeダンス,ガンバランス デ ダンス,五條真由美 with フラッピ&チョッピーズ,1,2024/11/14,560日,,,
107,ギザギザハートの子守唄,ギザギザハートのこもりうた,チェッカーズ,1,2023/12/07,903日,,,
108,如月アテンション,きさらぎアテンション,じん feat. IA,1,2024/09/25,610日,,,
109,騎士竜戦隊リュウソウジャー,きしりゅうせんたいリュウソウジャー,幡野智宏(Project.R),3,2024/12/29,515日,,,
110,疑心暗鬼,ぎしんあんき,"梅とら feat. 初音ミク,鏡音リン,巡音ルカ,GUMI,IA",2,2022/01/22,1587日,,,
111,キセキ,キセキ,GRe4N BOYZ(GReeeeN),2,2025/09/04,266日,,,
112,KICK BACK,キックバック,米津玄師,3,2023/06/09,1084日,,,
113,気まぐれロマンティック,きまぐれロマンティック,いきものがかり,5,2024/07/12,685日,,,
114,君じゃなきゃダメみたい,きみじゃなきゃダメみたい,オーイシマサヨシ,1,2025/01/08,505日,,,
115,君にBUMP,きみにバンプ,ケツメイシ,1,2024/11/21,553日,,,
116,君の知らない物語,きみのしらないものがたり,Supercell,10,2025/07/19,313日,,,
117,君のそばで～ヒカリのテーマ～,きみのそばで ヒカリのテーマ,グリン,2,2024/11/14,560日,,,
118,君はロックを聴かない,きみはロックをきかない,あいみょん,2,2024/11/21,553日,,,
119,逆光,ぎゃっこう,Ado,3,2023/12/07,903日,,,
120,Q,キュー,椎名もた(ぽわぽわP) feat.鏡音リン,4,2025/10/17,223日,,,
121,救急戦隊ゴーゴーファイブ,きゅうきゅうせんたいゴーゴーファイブ,石原慎一,3,2024/12/29,515日,,,
122,きゅうくらりん,きゅうくらりん,いよわ feat. 可不,7],2024/12/28,516日,,,
123,強風オールバック,きょうふうオールバック,Yukopi feat. 歌愛ユキ,2,2023/06/28,1065日,,,
124,恐竜戦隊ジュウレンジャー,きょうりゅうせんたいジュウレンジャー,佐藤健太,3,2024/12/29,515日,,,
125,ギラギラ,ギラギラ,Ado,5,2024/12/28,516日,,,
126,キラキラしちゃって My True Love!,キラキラしちゃって マイ トゥルー ラブ,宮本佳那子,1,2024/11/14,560日,,,
127,キラフル ミラクル キラメイジャー,キラフル ミラクル キラメイジャー,出口たかし,1,2024/11/03,571日,,,
128,銀河鉄道999,ぎんがてつどうスリーナイン,ゴダイゴ,2,2025/04/10,413日,,,
129,KING,キング,Kanaria feat. GUMI,6,2024/09/18,617日,,,
130,空想フォレスト,くうそうフォレスト,じん feat.IA,1,2024/09/25,610日,,,
131,Good Time,グッド タイム, (feat. SKY-HI)/cozmez,1,2023/05/26,1098日,,,
132,グッバイ宣言,グッバイせんげん,Chinozo feat. v flower,3,2024/12/06,538日,,,
133,Cry Baby,クライ ベイビー,Official髭男dism,1,2024/11/06,568日,,,
134,クラクラ,クラクラ,Ado,5,2025/07/19,313日,,,
135,繰り返し一粒,くりかえしひとつぶ,猫虫 feat.鏡音リン,1,2023/12/24,886日,,,
136,Click,クリック,ME:I,1,2024/08/08,658日,,,
137,紅蓮華,ぐれんげ,LiSA,1,2023/04/15,1139日,,,
138,群青,ぐんじょう,YOASOBI,15,2025/10/17,223日,,,
139,激走戦隊カーレンジャー~フルアクセルヴァージョン~,げきそうカーレンジャー フルアクセルヴァージョン,高山成孝,1,2023/12/31,879日,,,
140,激走戦隊カーレンジャー,げきそうせんたいカーレンジャー,高山成孝,3,2024/12/29,515日,,,
141,ゲッチュウ!らぶらぶぅ?!,ゲッチュウ らぶらぶぅ,五條真由美,1,2024/11/03,571日,,,
142,Get Wild,ゲット ワイルド,TM NETWORK,2,2023/10/07,964日,,,
143,ケッペキショウ,ケッペキショウ,すこっぷ feat. GUMI,1,2022/04/16,1503日,,,
144,CHEMY×STORY,ケミストリー,BACK-ON,3,2025/04/10,413日,,,
145,喧嘩上等,けんかじょうとう,氣志團,1,2025/05/21,372日,,,
146,小悪魔だってかまわない！,こあくまだってかまわない,めいちゃん,1,2025/04/10,413日,,,
147,恋するフォーチュンクッキー,こいするフォーチュンクッキー,AKB48,1,2023/05/05,1119日,,,
148,コインロッカーベイビー,コインロッカーベイビー,MARETU feat. 初音ミク,2,2025/12/17,162日,,,
149,轟轟戦隊ボウケンジャー,こうごうせんたいボウケンジャー,NoB,4,2024/12/29,515日,,,
150,高速戦隊ターボレンジャー,こうそくせんたいターボレンジャー,佐藤健太,3,2024/12/29,515日,,,
151,ゴーゴー幽霊船,ゴーゴーゆうれいせん,米津玄師,3,2024/05/03,755日,,,
152,ゴーストルール,ゴーストルール,DECO*27 feat. 初音ミク,5,2023/12/07,903日,,,
153,コールボーイ,コールボーイ,syudou feat. 初音ミク,3,2024/12/06,538日,,,
154,心のファンファーレ,こころのファンファーレ,奥井亜紀,2,2024/11/14,560日,,,
155,虎視眈々,こしたんたん,"梅とら feat. 初音ミク,鏡音リン,巡音ルカ,GUMI,IA",2,2024/10/05,600日,,,
156,五星戦隊ダイレンジャー,ごせいせんたいダイレンジャー,NEW JACK拓郎,3,2024/12/29,515日,,,
157,コツコツ-PON-PON,コツコツ ポンポン,ブンドリオ・ブンデラス(CV.松本梨香),2,2024/11/03,571日,,,
158,こっち向いて Baby,こっちむいて ベイビー,ryo(supercell) feat.初音ミク,1,2022/02/12,1566日,,,
159,God knows...,ゴッド ノウズ,涼宮ハルヒ(CV.平野綾),3,2024/07/19,678日,,,
160,粉雪,こなゆき,レミオロメン,2,2023/12/24,886日,,,
161,壊れかけのRadio,こわれかけのレディオ,德永英明,1,2024/06/26,701日,,,
162,さぁ行け!ニンニンジャー!,さぁいけニンニンジャー,大西洋平,3,2024/12/29,515日,,,
163,最強最高 SUPER STARS！,さいきょうさいこう スーパー スターズ,NoB,2,2024/12/29,515日,,,
164,サウダージ,サウダージ,ポルノグラフィティ,2,2024/02/24,824日,,,
165,さくら,さくら,ケツメイシ,1,2024/11/21,553日,,,
166,SURPRISE-DRIVE,サプライズ ドライブ,MITSURU MATSUOKA EARNEST DRIVE,2,2025/04/10,413日,,,
167,サマータイムレコード,サマータイムレコード,じん feat. IA,11,2025/07/19,313日,,,
168,侍戦隊シンケンジャー,さむらいせんたいシンケンジャー,サイキックラバー,3,2024/12/29,515日,,,
169,サムライハート,サムライハート,SPYAIR,3,2024/12/28,516日,,,
170,さようなら、花泥棒さん,さようなら はなどろぼうさん,メル feat. 初音ミク,5,2025/10/17,223日,,,
171,小夜子,さよこ,みきとP feat. 初音ミク,2,2024/10/05,600日,,,
172,さよならエレジー,さよならエレジー,菅田将暉,1,2024/11/06,568日,,,
173,サリシノハラ,サリシノハラ,みきとP feat.初音ミク,1,2024/09/04,631日,,,
174,残響散歌,ざんきょうさんか,Aimer,5,2025/09/04,266日,,,
175,シークレット カクレンジャー,シークレット カクレンジャー,トゥー・チー・チェン,3,2024/12/29,515日,,,
176,secret base 〜君がくれたもの〜,シークレットベース きみがくれたもの,ZONE,3,2023/08/28,1004日,,,
177,JIKU~未来戦隊タイムレンジャー~,じくう みらいせんたいタイムレンジャー,佐々木久美,4,2024/12/29,515日,,,
178,CITRUS,シトラス,Da-iCE,4,2024/06/26,701日,,,
179,シネマ,シネマ,Ayase feat. 初音ミク,1,2024/09/04,631日,,,
180,シャイニング パワー,シャイニング パワー,Berryz工房,2,2024/07/19,678日,,,
181,Just be friends,ジャスト ビー フレンズ,Dixie Flatline feat.巡音ルカ,5,2024/10/05,600日,,,
182,ジャッカー電撃隊,ジャッカーでんげきたい,"ささきいさお,こおろぎ'73",3,2024/12/29,515日,,,
183,ジャックポットサッドガール,ジャックポットサッドガール,syudou feat. 初音ミク,1,2021/11/14,1656日,,,
184,シャルル,シャルル,バルーン feat. v flower,3,2024/10/05,600日,,,
185,ジャンキーナイトタウンオーケストラ,ジャンキーナイトタウンオーケストラ,すりぃ feat. 鏡音レン,4,2024/11/06,568日,,,
186,シャンティ,シャンティ,wotaku feat. KAITO,4,2025/08/28,273日,,,
187,獣拳戦隊ゲキレンジャー,じゅうけんせんたいゲキレンジャー,"谷本貴義,ヤング・フレッシュ",3,2024/12/29,515日,,,
188,15の夜,じゅうごのよる,尾崎豊,1,2023/12/07,903日,,,
189,従属ふりったー,じゅうぞくふりったー,koyori(電ポルP) feat. 初音ミク,1,2025/01/31,482日,,,
190,シュガーソングとビターステップ,シュガーソングとビターステップ,UNISON SQUARE GARDEN,4,2025/01/08,505日,,,
191,粛聖!! ロリ神レクイエム☆,しゅくせい ロリかみレクイエム,しぐれうい,2,2024/01/11,868日,,,
192,祝福,しゅくふく,YOASOBI,9,2025/07/19,313日,,,
193,宿命,しゅくめい,Official髭男dism,4,2025/01/31,482日,,,
194,純情スカート,じゅんじょうスカート,40mP feat. 初音ミク,5,2024/10/05,600日,,,
195,少女レイ,しょうじょレイ,みきとP feat. 初音ミク,13,2025/01/31,482日,,,
196,シリョクケンサ,シリョクケンサ,40mP feat. GUMI,1,2024/10/05,600日,,,
197,シル・ヴ・プレジデント,シル・ヴ・プレジデント,P丸様。,4,2024/06/26,701日,,,
198,白い恋人達,しろいこいびとたち,桑田佳祐,1,2023/12/24,886日,,,
199,白い雪のプリンセスは,しろいゆきのプリンセスは,のぼる↑ feat.初音ミク,3,2023/12/24,886日,,,
200,しわ,しわ,buzzG feat.GUMI,1,2021/12/11,1629日,,,
201,深海シティアンダーグラウンド,しんかいシティアンダーグラウンド,田中B feat. 鏡音リン,3,2024/05/03,755日,,,
202,深海少女,しんかいしょうじょ,ゆうゆ feat.初音ミク,4,2025/10/17,223日,,,
203,深海のリトルクライ,しんかいのリトルクライ,sasakure.UK feat. 土岐麻子,6,2025/10/17,223日,,,
204,Sing Out!,シング アウト,乃木坂46,2,2023/10/21,950日,,,
205,ジングルベル,ジングルベル,童謡,4,2023/12/24,886日,,,
206,シンクロニシティ,シンクロニシティ,乃木坂46,2,2023/05/05,1119日,,,
207,新時代,しんじだい,Ado,4,2025/05/21,372日,,,
208,心臓デモクラシー,しんぞうデモクラシー,みきとP feat.初音ミク,3,2024/02/24,824日,,,
209,心拍数#0822,しんぱくすう ゼロハチニーニー,蝶々P feat. 初音ミク,3,2022/09/04,1362日,,,
210,スイートマジック,スイートマジック,Junky feat. 鏡音リン,2,2022/02/12,1566日,,,
211,ずうっといっしょ!,ずうっといっしょ,キタニタツヤ,1,2025/04/10,413日,,,
212,スーパー戦隊 ヒーローゲッター,スーパーせんたい ヒーローゲッター,Project.R,1,2024/11/03,571日,,,
213,スーパー戦隊ヒーローゲッター～テン・ゴーカイジャーver.～,スーパーせんたい ヒーローゲッター テン ゴーカイジャー バージョン,Project.R,1,2025/09/04,266日,,,
214,進め!ゴレンジャー,すすめ ゴレンジャー,"ささきいさお,堀江美都子",3,2024/12/29,515日,,,
215,スターマーカー,スターマーカー,KANA-BOON,2,2024/12/28,516日,,,
216,Snow halation,スノー ハレーション,μ's,3,2025/12/17,162日,,,
217,スノースマイル,スノースマイル,BUMP OF CHICKEN,3,2023/12/24,886日,,,
218,星間飛行,せいかんひこう,ランカ・リー＝中島愛,2,2023/09/04,997日,,,
219,星獣戦隊ギンガマン,せいじゅうせんたいギンガマン,希砂未竜,3,2024/12/29,515日,,,
220,青春バスガイド,せいしゅんバスガイド,Berryz工房,1,2023/10/07,964日,,,
221,セカイ,セカイ,"DECO*27,堀江晶太(kemu) feat. 初音ミク",4,2025/10/17,223日,,,
222,世界一可愛い私,せかいいちかわいいわたし,藤田ことね(CV.飯田ヒカル),1,2025/01/31,482日,,,
223,世界でいちばん熱い夏,せかいでいちばんあついなつ,PRINCESS PRINCESS,2,2025/08/09,292日,,,
224,セカイはまだ始まってすらいない,セカイはまだはじまってすらいない,ピノキオピー feat. 初音ミク,2,2024/02/15,833日,,,
225,セツナトリップ,セツナトリップ,Last Note. feat.GUMI,2,2023/03/10,1175日,,,
226,千本桜,せんぼんざくら,黒うさP feat.初音ミク,1,2024/12/06,538日,,,
227,全力キング,ぜんりょくキング,古川貴之,7,2024/12/29,515日,,,
228,全力全開!ゼンカイジャー,ぜんりょくぜんかいゼンカイジャー,"つるの剛士,ことのみ児童合唱団",4,2024/12/29,515日,,,
229,創聖のアクエリオン,そうせいのアクエリオン,AKINO,4,2024/02/24,824日,,,
230,想像フォレスト,そうぞうフォレスト,じん feat.IA,2,2022/05/04,1485日,,,
231,そこに空があるから,そこにそらがあるから,江崎とし子,1,2023/04/15,1139日,,,
232,空色デイズ,そらいろデイズ,中川翔子,3,2024/07/19,678日,,,
233,ダーリン,ダーリン,須田景凪,5,2024/12/28,516日,,,
234,ダーリンダンス,ダーリンダンス,かいりきベア feat.初音ミク,8,2025/04/10,413日,,,
235,DIAMONDS,ダイアモンズ,PRINCESS PRINCESS,2,2025/04/10,413日,,,
236,大戦隊ゴーグルV,だいせんたいゴーグルファイブ,"MoJo,こおろぎ'73,ザ・チャープス",3,2024/12/29,515日,,,
237,タイプ:ワイルド,タイプ ワイルド,松本梨香,2,2024/02/24,824日,,,
238,太陽戦隊サンバルカン,たいよいうせんたいサンバルカン,"串田アキラ,こおろぎ'73",3,2024/12/29,515日,,,
239,太陽系デスコ,たいようけいデスコ,ナユタン星人 feat. 初音ミク,3,2024/12/06,538日,,,
240,ダウナーウィッチ,ダウナーウィッチ,廉 feat. 初音ミク,2,2024/12/28,516日,,,
241,ダウンタイム,ダウンタイム,すりぃ feat. 鏡音レン,2,2024/09/18,617日,,,
242,絶え間なく藍色,たえまなくあいいろ,獅子志司(Choisauce)  feat. 初音ミク,6,2024/11/06,568日,,,
243,だから僕は音楽を辞めた,だからぼくはおんがくをやめた,ヨルシカ,2,2024/09/11,624日,,,
244,ただ君に晴れ,ただきみにはれ,ヨルシカ,2,2024/09/04,631日,,,
245,ダダダダ天使,ダダダダてんし,ナナヲアカリ,3,2022/02/06,1572日,,,
246,立ち上がリーヨ,たちあがリーヨ,T-Pistonz,1,2024/11/14,560日,,,
247,タッチ,タッチ,岩崎良美,1,2023/10/21,950日,,,
248,ダブルラリアット,ダブルラリアット,アゴアニキ feat. 巡音ルカ,1,2024/09/18,617日,,,
249,ダンスロボットダンス,ダンスロボットダンス,ナユタン星人 feat. 初音ミク,5,2024/12/06,538日,,,
250,DANZEN!ふたりはプリキュア,ダンゼン ふたりはプリキュア,五條真由美,3,2024/11/03,571日,,,
251,小さきもの,ちいさきもの,林明日香,8,2024/11/21,553日,,,
252,チェックメイト,チェックメイト,ゆちゃP feat. GUMI,1,2022/04/16,1503日,,,
253,CH4NGE,チェンジ,Giga feat. 可不,6,2024/12/06,538日,,,
254,地球最後の告白を,ちきゅうさいごのこくはくを,kemu feat.GUMI,4,2024/04/18,770日,,,
255,地球戦隊ファイブマン,ちきゅうせんたいファイブマン,鈴木けんじ,3,2024/12/29,515日,,,
256,CHA-LA HEAD-CHA-LA,チャラ ヘッチャラ,影山ヒロノブ,1,2023/10/07,964日,,,
257,チューリングラブ,チューリングラブ,ナナヲアカリ,8,2024/06/26,701日,,,
258,超獣戦隊ライブマン,ちょうじゅうせんたいライブマン,嶋大輔,3,2024/12/29,515日,,,
259,超新星フラッシュマン,ちょうしんせいフラッシュマン,北原拓,3,2024/12/29,515日,,,
260,鳥人戦隊ジェットマン,ちょうじんせんたいジェットマン,影山ヒロノブ,3,2024/12/29,515日,,,
261,超電子バイオマン,ちょうでんしバイオマン,宮内タカユキ,3,2024/12/29,515日,,,
262,チョコレイト・ディスコ,チョコレイト・ディスコ,Perfume,1,2022/02/12,1566日,,,
263,チルドレンレコード,チルドレンレコード,じん feat. IA,1,2023/10/07,964日,,,
264,TSUNAMI,ツナミ,サザンオールスターズ,1,2024/02/24,824日,,,
265,Dear,ディアー,19's Sound Factory feat. 初音ミク,2,2022/04/16,1503日,,,
266,ディジーディジー,ディジーディジー,蜂屋ななし feat. v flower,2,2023/04/15,1139日,,,
267,テトリス,テトリス,柊マグネタイト feat. 重音テト,1,2025/12/17,162日,,,
268,デリヘル呼んだら君が来た,デリヘルよんだらきみがきた,ナナホシ管弦楽団 feat. 初音ミク,4,2024/10/05,600日,,,
269,Tell Your World,テル ユア ワールド,livetune feat.初音ミク,2,2024/07/19,678日,,,
270,テレキャスタービーボーイ,テレキャスタービーボーイ,すりぃ feat. 鏡音レン,2,2022/01/22,1587日,,,
271,電撃戦隊チェンジマン,でんげきせんたいチェンジマン,影山ヒロノブ,3,2024/12/29,515日,,,
272,天才ロック,てんさいロック,カラスヤサボウ feat. 鏡音リン,2,2025/10/17,223日,,,
273,電磁戦隊メガレンジャー,でんじせんたいメガレンジャー,風雅なおと,3,2024/12/29,515日,,,
274,天装戦隊ゴセイジャー,てんそうせんたいゴセイジャー,NoB(Project.R),3,2024/12/29,515日,,,
275,天地ガエシ,てんちガエシ,NICO Touches the Walls,1,2024/11/14,560日,,,
276,トウキョウ・シャンディ・ランデヴ,トウキョウ・シャンディ・ランデヴ,"feat. 花譜,ツミキ/MAISONdes",5,2025/01/08,505日,,,
277,東京テディベア,とうきょうテディベア,Neru feat. 鏡音リン,2,2024/10/05,600日,,,
278,Together,トゥゲザー,あきよしふみえ,11,2024/11/14,560日,,,
279,動物戦隊ジュウオウジャー,どうぶつせんたいジュウオウジャー,高取ヒデアキ(Project.R),4,2024/12/29,515日,,,
280,透明人間,とうめいにんげん,東京事変,1,2024/07/19,678日,,,
281,ドーナツホール,ドーナツホール,ハチ feat. GUMI,3,2024/10/05,600日,,,
282,ドキメキダイアリー,ドキメキダイアリー,asmi feat. Chinozo,2,2025/10/17,223日,,,
283,特捜戦隊デカレンジャー,とくそうせんたいデカレンジャー,サイキックラバー,4,2024/12/29,515日,,,
284,ドクトリーヌ,ドクトリーヌ,煮ル果実 feat. v flower,2,2025/01/31,482日,,,
285,年下の男の子,とししたのおとこのこ,キャンディーズ,1,2024/07/19,678日,,,
286,ドナーソング,ドナーソング,"もじゃ,れるりり feat. GUMI",5,2025/04/10,413日,,,
287,友よ ～ この先もずっと･･･,ともよ このさきもずっと,ケツメイシ,1,2024/11/21,553日,,,
288,ドライフラワー,ドライフラワー,優里,1,2024/12/28,516日,,,
289,ドラマツルギー,ドラマツルギー,Eve,3,2024/09/04,631日,,,
290,トリノコシティ,トリノコシティ,40mP feat.初音ミク,4,2024/10/05,600日,,,
291,ドレミファロンド,ドレミファロンド,40mP feat.初音ミク,2,2024/12/06,538日,,,
292,頓珍漢の宴,とんちんかんのえん,ピノキオピー feat. 初音ミク,3,2025/01/31,482日,,,
293,トンデモワンダーズ,トンデモワンダーズ,sasakure. UK feat. 初音ミク,11,2024/10/18,587日,,,
294,ないものねだり,ないものねだり,KANA-BOON,3,2025/01/31,482日,,,
295,NOW ON AIR,ナウ オン エア,赤い公園,1,2024/11/21,553日,,,
296,涙そうそう,なだそうそう,夏川りみ,1,2025/09/04,266日,,,
297,夏の思い出,なつのおもいで,ケツメイシ,1,2024/11/21,553日,,,
298,夏祭り,なつまつり,JITTERIN'JINN(cover Whiteberry),1,2023/08/28,1004日,,,
299,撫でんな,なでんな,柊マグネタイト feat. 可不,3,2025/12/17,162日,,,
300,なにやってもうまくいかない,なにやってもうまくいかない,meiyo,2,2024/10/18,587日,,,
301,名前のない怪物,なまえのないかいぶつ,EGOIST,4,2024/08/08,658日,,,
302,ニア,ニア,夏代孝明 feat. 初音ミク,2,2024/12/28,516日,,,
303,虹,にじ,Aqua Timez,1,2024/09/11,624日,,,
304,猫,ねこ,DISH//,3,2024/09/11,624日,,,
305,ネトゲ廃人シュプレヒコール,ネトゲはいじんシュプレヒコール,さつきがてんこもり feat. 初音ミク,1,2024/10/05,600日,,,
306,脳漿炸裂ガール,のうしょうさくれつガール,"れるりり feat.初音ミク,GUMI",4,2024/06/26,701日,,,
307,脳内革命ガール,のうないかくめいガール,MARETU feat. 初音ミク,3,2022/01/22,1587日,,,
308,ノーダウト,ノーダウト,Official髭男dism,2,2025/12/17,162日,,,
309,パート・オブ・ユア・ワールド,パート・オブ・ユア・ワールド,すずきまゆみ,2,2024/03/22,797日,,,
310,ハイドアンド・シーク,ハイドアンド・シーク,19's Sound Factory feat. 初音ミク,1,2022/04/16,1503日,,,
311,敗北の少年,はいぼくのしょうねん,kemu feat. GUMI,2,2023/08/28,1004日,,,
312,爆上戦隊ブンブンジャー,ばくあげせんたいブンブンジャー,遠藤正明,3,2024/12/29,515日,,,
313,爆竜戦隊アバレンジャー,ばくりゅうせんたいアバレンジャー,遠藤正明,5,2024/12/29,515日,,,
314,走れ,はしれ,KEI feat.GUMI,2,2024/10/05,600日,,,
315,バスターズレディーゴー!,バスターズレディーゴー,高橋秀幸(Project.R),4,2024/12/29,515日,,,
316,Butter-Fly,バタフライ,和田光司,5,2024/09/18,617日,,,
317,バッド・ダンス・ホール,バッド・ダンス・ホール,カラスヤサボウ feat. 鏡音リン,1,2021/11/27,1643日,,,
318,ハッピーサマーウェディング,ハッピーサマーウェディング,モーニング娘。,1,2024/08/08,658日,,,
319,バトルフィーバーJ,バトルフィーバージェイ,"MoJo,コロムビアゆりかご会,フィーリング・フリー",3,2024/12/29,515日,,,
320,バトルフロンティア,バトルフロンティア,高屋亜希那,3,2024/11/14,560日,,,
321,花に亡霊,はなにぼうれい,ヨルシカ,4,2024/09/11,624日,,,
322,ハナミズキ,ハナミズキ,一青窈,2,2023/05/05,1119日,,,
323,バニー,バニー,すりぃ feat.鏡音リン,3,2024/09/18,617日,,,
324,Happiness,ハピネス,嵐,1,2025/12/17,162日,,,
325,パプリカ,パプリカ,Foorin,1,2024/03/16,803日,,,
326,ハム太郎 とっとこうた,ハムたろう とっとこうた,ハムちゃんず,1,2025/01/08,505日,,,
327,パメラ,パメラ,バルーン feat. v flower,1,2025/05/21,372日,,,
328,VAMOLA!キョウリュウジャー,バモラ キョウリュウジャー,鎌田章吾,3,2024/12/29,515日,,,
329,パラメタ,パラメタ,40mP feat. 初音ミク,1,2024/10/05,600日,,,
330,バラライカ,バラライカ,月島きらり starring 久住小春,3,2024/11/14,560日,,,
331,ハリケンジャー参上!,ハリケンジャーさんじょう,高取ヒデアキ,3,2024/12/29,515日,,,
332,晴る,はる,ヨルシカ,8,2025/05/21,372日,,,
333,春泥棒,はるどろぼう,ヨルシカ,9,2025/05/21,372日,,,
334,春を告げる,はるをつげる,yama,1,2025/05/21,372日,,,
335,バレリーコ,バレリーコ,みきとP feat. GUMI,3,2024/09/18,617日,,,
336,ハロ/ハワユ,ハロ/ハワユ ,ナノウ(ほえほえP) feat. 初音ミク,1,2021/12/11,1629日,,,
337,ハロー、プラネット。,ハロー プラネット,sasakure. UK feat. 初音ミク,3,2022/05/04,1485日,,,
338,"Hello,Worker",ハロー ワーカー,KEI feat. 巡音ルカ,3,2024/09/04,631日,,,
339,*ハロー、プラネット。,ハロー、プラネット,sasakure. UK feat. 初音ミク,2,2024/12/06,538日,,,
340,パンダヒーロー,パンダヒーロー,ハチ feat. GUMI,3,2024/07/19,678日,,,
341,Be As One,ビー アズ ワン,TWICE,1,2024/11/14,560日,,,
342,Be The One,ビー ザ ワン,PANDORA,6,2025/04/10,413日,,,
343,ビースト・ダンス,ビースト・ダンス,和田たけあき(くらげP) feat. 音街ウナ,4,2023/04/15,1139日,,,
344,ピエロ,ピエロ,KEI feat.初音ミク,2,2024/10/05,600日,,,
345,光戦隊マスクマン,ひかりせんたいマスクマン,影山ヒロノブ,3,2024/12/29,515日,,,
346,ビターチョコデコレーション,ビターチョコデコレーション,syudou feat. 初音ミク,4,2025/01/31,482日,,,
347,独りんぼエンヴィー,ひとりんぼエンヴィー,koyori(電ポルP) feat.初音ミク,4,2024/12/06,538日,,,
348,ヒバナ,ヒバナ,DECO*27 feat. 初音ミク,2,2025/04/10,413日,,,
349,ビビデバ,ビビデバ,星街すいせい,4,2025/01/08,505日,,,
350,秒針を噛む,びょうしんをかむ,ずっと真夜中でいいのに。,3,2024/12/28,516日,,,
351,Fire◎Flower,ファイヤー フラワー,halyosy feat. 鏡音レン,2,2025/09/04,266日,,,
352,ファタール,ファタール,GEMN,2,2025/01/08,505日,,,
353,F△Bulous,ファビュラス,BAE,1,2025/09/04,266日,,,
354,Femme Fatale,ファム ファタール,言の葉党,1,2023/11/04,936日,,,
355,ファンサ,ファンサ,mona(CV.夏川椎菜) feat.HoneyWorks,1,2022/02/06,1572日,,,
356,フィラデルフィア,フィラデルフィア,wotaku feat.フリモメン,2,2025/09/04,266日,,,
357,Booo!,ブー,TOKOTOKO(西沢さんP) feat. 音街ウナ,2,2024/09/18,617日,,,
358,For my Stella,フォー マイ ステラ,VISTY,1,2023/05/26,1098日,,,
359,フォニイ,フォニイ,ツミキ feat. 可不,11,2024/10/18,587日,,,
360,福音,ふくいん,wotaku feat.初音ミク,1,2025/08/28,273日,,,
361,不思議のコハナサイチ,ふしぎのコハナサイチ,ピノキオピー feat. 初音ミク,1,2024/10/05,600日,,,
362,PRIDE,プライド,今井美樹,1,2024/02/24,824日,,,
363,Flyer!,フライヤー,Chinozo feat. v flower,7,2024/12/06,538日,,,
364,フラジール,フラジール,ぬゆり feat. GUMI,3,2025/10/17,223日,,,
365,プラネテス,プラネテス,"seiza,ねこぼーろ feat. 初音ミク",2,2024/12/28,516日,,,
366,FREELY TOMORROW,フリーリー トゥモロー,Mitchie M feat. 初音ミク,1,2024/02/24,824日,,,
367,ブリキノダンス,ブリキノダンス,日向電工 feat. 初音ミク,5,2025/01/08,505日,,,
368,プリキュア5、スマイル go go!,プリキュアファイブ、スマイル ゴーゴー,工藤真由,1,2024/01/04,875日,,,
369,Pretender,プリテンダー,Official髭男dism,2,2024/11/06,568日,,,
370,プレイ,プレイ,りぶ,1,2025/08/28,273日,,,
371,flos,フロス,R Sound Design feat. 初音ミク,10,2025/05/21,372日,,,
372,ふわふわ時間,ふわふわたいむ,放課後ティータイム,2,2024/07/19,678日,,,
373,ベテルギウス,ベテルギウス,優里,3,2024/11/21,553日,,,
374,ベノム,ベノム,かいりきベア feat. v flower,2,2025/04/10,413日,,,
375,放課後ストライド,ほうかごストライド,Last Note. feat. GUMI,4,2025/07/19,313日,,,
376,ポーカーフェイス,ポーカーフェイス,ゆちゃP feat. GUMI,1,2021/12/11,1629日,,,
377,ポーズ,ポーズ,岡崎体育,1,2025/09/04,266日,,,
378,ポケモン言えるかな? BW,ポケモンいえるかな びーダブリュー,つるの 剛士,1,2025/09/04,266日,,,
379,星屑サンセット,ほしくずサンセット,YUKI,1,2024/09/25,610日,,,
380,POP STAR,ポップ スター,平井堅,1,2024/06/26,701日,,,
381,potatoになっていく,ポテトになっていく,"Neru feat. 鏡音リン,鏡音レン",4,2025/10/17,223日,,,
382,ボトム,ボトム,柊キライ feat. v flower,3,2024/10/18,587日,,,
383,ポニーテールとシュシュ,ポニーテールとシュシュ,AKB48,1,2023/05/05,1119日,,,
384,炎,ほむら,LiSA,2,2023/11/04,936日,,,
385,ボルテッカー,ボルテッカー,DECO*27 feat. 初音ミク,3,2023/12/07,903日,,,
386,V(ボルト),ボルト,遊助,2,2024/02/24,824日,,,
387,マーシャル・マキシマイザー,マーシャル・マキシマイザー,柊マグネタイト feat. 可不,8,2024/10/18,587日,,,
388,負けないで,まけないで,ZARD,1,2024/07/19,678日,,,
389,マジで感謝!,マジでかんどう,"T-Pistonz,KMC",1,2024/11/14,560日,,,
390,本気ボンバー!!,まじボンバー,Berryz工房,3,2025/08/09,292日,,,
391,マジンガーZ,マジンガーゼット,水木一郎,1,2023/10/07,964日,,,
392,魔進戦隊キラメイジャー,ましんせんたいキラメイジャー,大西洋平,3,2024/12/29,515日,,,
393,真っ逆さまサマー,まっさかさまサマー,はるな。 feat. 初音ミク,4,2025/10/17,223日,,,
394,真夏の果実,まなつのかじつ,サザンオールスターズ,2,2025/04/10,413日,,,
395,マフィア,マフィア,wotaku feat.初音ミク,1,2025/08/28,273日,,,
396,魔法少女とチョコレゐト,まほうしょうじょとチョコレイト,ピノキオピー feat. 初音ミク,4,2025/01/31,482日,,,
397,魔法戦隊マジレンジャー,まほうせんたいマジレンジャー,岩崎貴文,4,2024/12/29,515日,,,
398,マリーゴールド,マリーゴールド,あいみょん,4,2024/09/18,617日,,,
399,丸ノ内サディスティック,まるのうちサディスティック,椎名林檎,3,2025/01/31,482日,,,
400,回る空うさぎ,まわるそらうさぎ,Orangestar feat. 初音ミク,6,2024/09/04,631日,,,
401,右肩の蝶,みぎかたのちょう,のりぴー feat. 鏡音レン,1,2024/02/24,824日,,,
402,右に曲ガール,みぎにまガール,はるふり feat. 重音テト,2,2024/10/05,600日,,,
403,みくみくにしてあげる♪【してやんよ】,みくみくにしてあげる してやんよ,ika feat.初音ミク,1,2023/10/21,950日,,,
404,三十路ボンバイエ,みそじボンバイエ,ケツメイシ,1,2024/11/21,553日,,,
405,ミックスナッツ,ミックスナッツ,Official髭男dism,6,2025/01/08,505日,,,
406,未来コネクション,みらいコネクション,ЯeaL,3,2024/11/14,560日,,,
407,ムーンライト伝説,ムーンライトでんせつ,DALI,1,2023/12/07,903日,,,
408,結ンデ開イテ羅刹ト骸,むすんでひらいてらせつとむくろ,ハチ feat. 初音ミク,1,2022/04/16,1503日,,,
409,めざせポケモンマスター,めざせポケモンマスター,松本 梨香,3,2024/04/18,770日,,,
410,Mela!,メラ,緑黄色社会,3,2025/05/21,372日,,,
411,メランコリック,メランコリック,Junky feat.鏡音リン,3,2023/12/07,903日,,,
412,メルト,メルト,ryo(supercell) feat. 初音ミク,3,2025/05/21,372日,,,
413,メンタルチェンソー,メンタルチェンソー,P丸様。,5,2024/01/04,875日,,,
414,妄想疾患■ガール,もうそうしっかんやみガール,"もじゃ,れるりり feat. GUMI",1,2024/09/25,610日,,,
415,妄想税,もうそうぜい,DECO*27 feat. 初音ミク,1,2021/12/11,1629日,,,
416,モーフィン!ムービン!バスターズシップ!,モーフィン ムービン バスターズシップ , 高橋秀幸 (Project.R),1,2024/12/29,515日,,,
417,もっふんのうた,もっふんのうた,吉田仁美,2,2024/11/14,560日,,,
418,モニタリング,モニタリング,DECO*27 feat. 初音ミク,1,2025/01/31,482日,,,
419,ヤキモチの答え-another story-,ヤキモチのこたえ アナザー ストーリー,HoneyWorks feat.初音ミク,1,2022/02/06,1572日,,,
420,やっぱ青春,やっぱせいしゅん,空野葵(CV.北原沙弥香),1,2024/11/14,560日,,,
421,You got game?,ユー ガット ゲーム,Kimeru,1,2024/07/19,678日,,,
422,夕暮れ先生,ゆうぐれせんせい,石風呂 feat.miki,2,2023/04/15,1139日,,,
423,夕景イエスタデイ,ゆうけいイエスタデイ,じん feat. IA,1,2024/07/19,678日,,,
424,勇者,ゆうしゃ,YOASOBI,6,2025/07/19,313日,,,
425,夕立のりぼん,ゆうだちのりぼん,みきとP feat. MAYU,3,2023/04/15,1139日,,,
426,幽霊東京,ゆうれいとうきょう,Ayase feat. 初音ミク,6,2025/05/21,372日,,,
427,YUME日和,ユメびより,島谷ひとみ,3,2023/10/07,964日,,,
428,夢をかなえてドラえもん,ゆめをかなえてドラえもん,mao,1,2025/01/08,505日,,,
429,ゆるふわ樹海ガール,ゆるふわじゅかいガール,石風呂 feat.初音ミク,3,2024/07/12,685日,,,
430,夜明けと蛍,よあけとほたる,n-buna feat.初音ミク,11,2025/07/19,313日,,,
431,酔いどれ知らず,よいどれしらず,Kanaria feat. GUMI,5,2024/12/06,538日,,,
432,ようかい体操第一,ようかいたいそうだいいち,Dream5,1,2024/11/14,560日,,,
433,ようこそジャパリパークへ,ようこそジャパリパークへ,どうぶつビスケッツ×PPP,1,2023/11/04,936日,,,
434,吉原ラメント,よしはらラメント,亜沙 feat.重音テト,1,2024/10/05,600日,,,
435,夜空ノムコウ,よぞらノムコウ,SMAP,2,2024/09/25,610日,,,
436,YONA YONA DANCE,ヨナ ヨナ ダンス,和田アキ子,4,2023/05/05,1119日,,,
437,夜咄ディセイブ,よばなしディセイブ,じん(自然の敵P)  feat.IA,1,2025/07/19,313日,,,
438,夜もすがら君想ふ,よもすがらきみおもう,TOKOTOKO(西沢さんP) feat. GUMI,7,2025/05/21,372日,,,
439,夜に駆ける,よるにかける,YOASOBI,14,2024/06/15,712日,,,
440,夜のピエロ,よるのピエロ,Ado,5,2024/07/12,685日,,,
441,Life is SHOW TIME,ライフ イズ ショー タイム,鬼龍院翔,1,2023/06/28,1065日,,,
442,ライラック,ライラック,Mrs. GREEN APPLE,1,2025/10/17,223日,,,
443,ラヴィ,ラヴィ,すりぃ feat. 鏡音レン,3,2024/06/15,712日,,,
444,ROWDIEZ -悪漢奴等 Wanted Vibes-,ラウディーズ あかんやつら ウォンテッド ヴァイブス,悪漢奴等,1,2025/09/04,266日,,,
445,LUCKYSTAR,ラッキースター,幡野智宏(Project.R),4,2024/12/29,515日,,,
446,LOVEマシーン,ラブマシーン,モーニング娘。,1,2024/08/08,658日,,,
447,RE:I AM,リ アイアム,Aimer,2,2023/04/15,1139日,,,
448,LEAP HIGH! 〜明日へ、めいっぱい〜,リープ ハイ あしたへ、めいっぱい,PRODUCE 101 JAPAN THE GIRLS,1,2024/01/04,875日,,,
449,ルカルカ★ナイトフィーバー,ルカルカ ナイトフィーバー,samfree feat. 巡音ルカ,1,2024/10/05,600日,,,
450,ルパンレンジャーVSパトレンジャー,ルパンレンジャー ブイエス パトレンジャー,"Project.R(吉田達彦,吉田仁美)",4,2024/12/29,515日,,,
451,ルマ,ルマ,かいりきベア feat. 初音ミク,5,2023/06/28,1065日,,,
452,烈車戦隊トッキュウジャー,れっしゃせんたいトッキュウジャー,伊勢大貴,6,2024/12/29,515日,,,
453,劣等上等,れっとうじょうとう,"Giga feat. 鏡音リン,鏡音レン",2,2022/11/13,1292日,,,
454,恋愛サーキュレーション,れんあいサーキュレーション,千石撫子(CV.花澤香菜),1,2023/12/24,886日,,,
455,恋愛裁判,れんあいさいばん,40mP feat.初音ミク,4,2024/10/05,600日,,,
456,恋愛レボリューション21,れんあいレボリューションにじゅういち,モーニング娘。,3,2024/08/08,658日,,,
457,ロウワー,ロウワー,ぬゆり feat. v flower,3,2024/10/18,587日,,,
458,ローリンガール,ローリンガール,wowaka feat. 初音ミク,1,2024/10/05,600日,,,
459,ロキ,ロキ,みきとP feat. 鏡音リン,3,2024/06/26,701日,,,
460,六兆年と一夜物語,ろくちょうねんといちやものがたり,kemu feat.IA,3,2024/06/15,712日,,,
461,炉心融解,ろしんゆうかい,iroha(sasaki) feat. 鏡音リン,3,2024/02/24,824日,,,
462,ロスタイムメモリー,ロスタイムメモリー,じん feat.IA,1,2024/09/25,610日,,,
463,ロストマン,ロストマン,BUMP OF CHICKEN,1,2023/12/24,886日,,,
464,ロストワンの号哭,ロストワンのごうこく,Neru feat. 鏡音リン,4,2024/10/05,600日,,,
465,ロマンスの神様,ロマンスのかみさま,広瀬香美,1,2023/12/24,886日,,,
466,浪漫飛行,ろまんひこう,米米CLUB,3,2025/08/09,292日,,,
467,ロミオとシンデレラ,ロミオとシンデレラ,doriko feat.初音ミク,4,2024/02/15,833日,,,
468,ロメオ,ロメオ,"HoneyWorks,おればななP feat. 初音ミク,GUMI",2,2022/09/04,1362日,,,
469,ワールズエンド・ダンスホール,ワールズエンド・ダンスホール,"wowaka feat. 初音ミク,巡音ルカ",2,2024/10/05,600日,,,
470,ワールド・ランプシェード,ワールド・ランプシェード,buzzG feat. GUMI,1,2021/11/14,1656日,,,
471,我ら思う､故に我ら在り,われらおもう ゆえにわれらあり,氣志團,2,2024/11/03,571日,,,
472,Wonderful Days,ワンダフル デイズ,プルタブと缶,1,2024/05/03,755日,,,
473,1・2・3,ワンツースリー,After the Rain,2,2023/04/15,1139日,,,
474,１ドリーム,ワンドリーム,リトルブルーボックス,1,2024/11/14,560日,,,
475,,,,,,,,,
476,,,,,,,,,
477,,,,,,,,,
478,,,,,,,,,
479,,,,,,,,,
480,,,,,,,,,
481,,,,,,,,,
482,,,,,,,,,
483,,,,,,,,,
484,,,,,,,,,
485,,,,,,,,,
486,,,,,,,,,
487,,,,,,,,,
488,,,,,,,,,
489,,,,,,,,,
490,,,,,,,,,
491,,,,,,,,,
492,,,,,,,,,
493,,,,,,,,,
494,,,,,,,,,
495,,,,,,,,,
496,,,,,,,,,
497,,,,,,,,,
498,,,,,,,,,
499,,,,,,,,,
500,,,,,,,,,